{
  "train_subset": {
    "accuracy": 0.9455,
    "balanced_accuracy": 0.9460568915355032,
    "f1": 0.9457441513190642,
    "precision": 0.9214354995150339,
    "recall": 0.9713701431492843,
    "tn": 941,
    "fp": 81,
    "fn": 28,
    "tp": 950,
    "bonafide_accuracy": 0.9713701431492843,
    "spoof_accuracy": 0.9207436399217221,
    "roc_auc": 0.9891797630052945,
    "eer": 0.052147239264149964,
    "eer_threshold": 0.6977373186047486,
    "min_tdcf": 0.6042944785276073,
    "min_tdcf_threshold": 0.9956730008125305,
    "split": "train_subset",
    "n_samples": 2000
  },
  "dev": {
    "accuracy": 0.9563333333333334,
    "balanced_accuracy": 0.9563333333333333,
    "f1": 0.9573983739837398,
    "precision": 0.9346031746031747,
    "recall": 0.9813333333333333,
    "tn": 1397,
    "fp": 103,
    "fn": 28,
    "tp": 1472,
    "bonafide_accuracy": 0.9813333333333333,
    "spoof_accuracy": 0.9313333333333333,
    "roc_auc": 0.9914995555555556,
    "eer": 0.04533333333326073,
    "eer_threshold": 0.7288565039635083,
    "min_tdcf": 0.68,
    "min_tdcf_threshold": 0.9970368146896362,
    "split": "dev",
    "n_samples": 3000
  },
  "eval_24": {
    "accuracy": 0.7967,
    "balanced_accuracy": 0.5023823239158123,
    "f1": 0.014064015518913677,
    "precision": 0.43283582089552236,
    "recall": 0.007148139018979541,
    "tn": 15905,
    "fp": 38,
    "fn": 4028,
    "tp": 29,
    "bonafide_accuracy": 0.007148139018979541,
    "spoof_accuracy": 0.9976165088126451,
    "roc_auc": 0.6571340366780837,
    "eer": 0.38712914758790856,
    "eer_threshold": 0.00178132113069369,
    "min_tdcf": 1.011670968384396,
    "min_tdcf_threshold": 0.9926337599754333,
    "split": "eval_24",
    "n_samples": 20000
  }
}