{
  "train_loss": [
    0.48285720976193747,
    0.19560888997713724,
    0.13315902439753213,
    0.11799388180176416,
    0.10860182192921639,
    0.10466606985529264,
    0.10302298014362653,
    0.10193130895495414,
    0.09418850513299307,
    0.09743145000437896
  ],
  "train_acc": [
    0.693,
    0.9233333333333333,
    0.9424166666666667,
    0.9464166666666667,
    0.9519166666666666,
    0.9510833333333333,
    0.9524166666666667,
    0.95225,
    0.9565833333333333,
    0.9550833333333333
  ],
  "val_loss": [
    0.29771111607551576,
    0.126281148592631,
    0.1258677265048027,
    0.09690747246146202,
    0.09259155442317327,
    0.09852461251119772,
    0.09008357740938663,
    0.09165641705195109,
    0.0946676746259133,
    0.08674427424867948
  ],
  "val_acc": [
    0.8833333333333333,
    0.9425,
    0.95125,
    0.9554166666666667,
    0.9604166666666667,
    0.9570833333333333,
    0.9595833333333333,
    0.9595833333333333,
    0.9595833333333333,
    0.9633333333333334
  ],
  "val_eer": [
    0.09228187919463078,
    0.046979865771811485,
    0.04966887417313887,
    0.04278523489932886,
    0.03973509933818022,
    0.04552980132377656,
    0.04221854304725993,
    0.04194630872481784,
    0.043046357614238265,
    0.03973509933782804
  ]
}