{
  "train_loss": [
    0.7344266324043274,
    0.6482926368713379,
    0.6289835343360901,
    0.6066332085132599,
    0.6051555094718933
  ],
  "train_acc": [
    0.478,
    0.618,
    0.63275,
    0.6725,
    0.67775
  ],
  "val_loss": [
    0.6489747476577759,
    0.6026690649986267,
    0.5811784148216248,
    0.5750494146347046,
    0.5807952749729156
  ],
  "val_acc": [
    0.5975,
    0.72375,
    0.7175,
    0.71375,
    0.71125
  ],
  "val_eer": [
    0.30693069306930687,
    0.2797029702970297,
    0.25757575757428397,
    0.27777777777840124,
    0.2747524752475133
  ]
}