{
  "threshold": 0.5196531414985657,
  "target_accept_rate": 0.4722222222222222,
  "nontarget_reject_rate": 0.7714285714285715,
  "spoof_reject_rate": 0.8888888888888888,
  "accuracy": 0.65,
  "balanced_accuracy": 0.6338383838383839,
  "a_dcf": 0.9027777777777779,
  "a_dcf_threshold": 0.5369298458099365,
  "eer": 0.39772727272720176,
  "roc_auc": 0.6286300505050505
}